"";"pathway";"pval";"padj";"ES";"NES";"nMoreExtreme";"size";"leadingEdge"
"1";"HALLMARK_MYC_TARGETS_V1";0,00122850122850123;0,0106928999144568;0,704165069984579;2,31352415649905;0;200;"CDC20,ODC1,NME1,MYC,RPLP0,RPS2,GNL3,IMPDH2,PABPC1,PRDX4,GLO1,KPNA2,HSPD1,DDX21,SRM,CBX3,AIMP2,RPL6,APEX1,CCT3,NPM1,LDHA,NHP2,MAD2L1,CCT2,CDC45,CCNA2,EIF4A1,XPOT,PPIA,POLD2,EPRS1,C1QBP,RACK1,CANX,NOP56,RPS6,HSPE1,RPS5,RAN,NOP16,RPS3,VBP1,COX5A,IFRD1,SMARCC1,SNRPG,CYC1,YWHAQ,EIF3B,RRP9,ILF2,RPS10,LSM7,RPL14,RPL34,YWHAE,SRPK1,RAD23B,EIF3J,SSBP1,RSL1D1,EIF2S2,PABPC4,PHB2,CAD,TXNL4A,SRSF7,NDUFAB1,G3BP1,EEF1B2,SNRPA1,RPL18,GSPT1,IARS1,TCP1,MCM2,NOLC1,VDAC1,CCT5,SET,MCM7,SERBP1,PA2G4,SNRPD2,POLE3,HSP90AB1,PSMA2,PSMA4,CDK4,PSMD3,ABCE1,PPM1G,PSMA6,MRPL23,HPRT1,SLC25A3,RPL22,PSMB3,MCM4,ACP1,HNRNPC,CCT7,HNRNPA2B1,PSMA1,MRPL9,HDAC2,EIF4E,TUFM,TOMM70,RANBP1,KPNB1,STARD7,NCBP2,DHX15,PSMA7,SNRPD1,SNRPD3,RUVBL2,PSMD14,HNRNPA1,CLNS1A,MRPS18B,SNRPB2,TRIM28,FAM120A,HDGF,PCNA,SNRPA,EIF3D,DUT,BUB3,PTGES3,COPS5,UBA2,ERH,PSMC4,UBE2E1,NAP1L1,FBL,CCT4,TRA2B,HNRNPD,PSMC6,SRSF1,PSMD8,PRDX3,KARS1"
"2";"HALLMARK_E2F_TARGETS";0,00122850122850123;0,0106928999144568;0,630768097266425;2,07237946381915;0;200;"MKI67,HMMR,CDC20,DLGAP5,TK1,RRM2,TOP2A,KIF4A,CDK1,TRIP13,MYBL2,CDKN3,BIRC5,CDKN2A,NME1,MYC,KIF18B,EZH2,AURKB,CDCA8,CENPE,ASF1B,BUB1B,ESPL1,LMNB1,PAICS,DIAPH3,SPC24,RACGAP1,PRDX4,SPAG5,STMN1,KPNA2,PTTG1,E2F8,MAD2L1,CENPM,MTHFD2,POLD2,PLK1,CIT,UBE2T,TIMELESS,NOP56,RAD51AP1,CKS2,MELK,RAN,LYAR,CHEK1,HMGB3,MSH2,DSCC1,ORC6,DEPDC1,MXD3,AURKA,POP7,CCNB2,SPC25,NBN,GSPT1,MCM2,NOLC1,DCTPP1,UNG,MCM7,TACC3,AK2,PA2G4,SLBP,KIF2C,RNASEH2A,TP53,PMS2,H2AX,SNRPB,CDK4,MCM4,SSRP1,RANBP1,CNOT9,GINS1,CCNE1,RPA3,DDX39A,HUS1,TFRC,PCNA,CDC25A,UBE2S,WDR90,DUT,POLE4,IPO7,RFC2,JPT1,ING3,CHEK2,CSE1L,NAP1L1,PNN,NAA38,PRKDC,TBRG4,TRA2B,HNRNPD,DCLRE1B,DNMT1,SRSF1"
"3";"HALLMARK_G2M_CHECKPOINT";0,00122850122850123;0,0106928999144568;0,598672042589577;1,96692834022844;0;200;"TPX2,MKI67,NEK2,CENPF,PBK,HMMR,CDC20,EXO1,TOP2A,CENPA,KIF4A,CDK1,UBE2C,ODC1,BUB1,MYBL2,CDKN3,BIRC5,NUSAP1,TROAP,STIL,MYC,UCK2,EZH2,AURKB,CENPE,KNL1,KIF11,ESPL1,LMNB1,POLQ,EGF,RACGAP1,SLC7A1,ATF5,STMN1,KPNA2,PTTG1,PRC1,MAD2L1,CDC45,TTK,CCNA2,PLK1,HSPA8,DBF4,CDC6,CKS2,RAD54L,CHEK1,E2F3,HMGB3,LIG3,SMARCC1,DKC1,ORC5,E2F2,ORC6,RAD23B,NCL,AURKA,NSD2,SLC12A2,CCNB2,G3BP1,GSPT1,MCM2,NOLC1,TACC3,KIF2C,AMD1,SAP30,TRAIP,H2AX,TOP1,CDK4,SMC2,PRMT5,DTYMK,H2BC12,KPNB1,KIF15"
"4";"HALLMARK_MYC_TARGETS_V2";0,00149700598802395;0,0106928999144568;0,677674695378119;1,90405257754767;0;58;"MYC,IPO4,GNL3,TMEM97,HSPD1,SRM,CBX3,AIMP2,NPM1,PLK1,HK2,EXOSC5,TFB2M,NOP56,HSPE1,NOP16,SLC19A1,PPAN,NOP2,RRP9,MRTO4,FARSA,PUS1,WDR74,SLC29A2,NIP7,WDR43,NOLC1,DCTPP1,UNG,PA2G4,RRP12,CDK4,MCM4,PES1,MPHOSPH10,NOC4L"
"5";"HALLMARK_UNFOLDED_PROTEIN_RESPONSE";0,00133868808567604;0,0106928999144568;0,574281444903145;1,76349856421145;0;113;"TUBB2A,PDIA5,EIF4EBP1,SRPRB,PSAT1,HYOU1,ASNS,EEF2,SERP1,EXOSC4,NPM1,NHP2,HSP90B1,EIF4A1,XPOT,MTHFD2,XBP1,EXOSC5,CALR,PDIA6,NOP56,ALDH18A1,HSPA5,TARS1,DKC1,RRP9,YIF1A,RPS14,HSPA9,EIF4A3,SLC30A5,IARS1,NOLC1,EIF4G1,SEC11A,EIF2AK3,DNAJB9,CNOT6,LSM4,H2AX,DDX10,WIPI1,NOP14,YWHAZ,EIF4E,SPCS1,DNAJC3,EDEM1,GEMIN4,NFYA,ARFGAP1,ATF4,KDELR3,SRPRA,EXOSC2,DNAJA4,SSR1,SPCS3,EIF4A2"
"6";"HALLMARK_OXIDATIVE_PHOSPHORYLATION";0,00122850122850123;0,0106928999144568;0,516664504085149;1,69749375815073;0;200;"CYB5A,SLC25A6,PDP1,ATP6V1G1,MDH2,SLC25A5,LDHA,TIMM13,NDUFV2,TIMM17A,AIFM1,MRPS12,ECHS1,ATP5MC1,MRPL15,UQCRH,UQCRQ,ATP5MC2,COX5A,MTRR,CYC1,ATP5F1B,NDUFA7,MTX2,NDUFB4,ACAT1,ATP6V0B,ATP5ME,COX7A2,GPI,HSPA9,UQCRB,PHB2,NDUFAB1,TIMM10,HSD17B10,NDUFB1,PMPCA,CYCS,VDAC1,ATP5MC3,BAX,ACADSB,ALDH6A1,GRPEL1,TIMM8B,NDUFS6,NDUFA2,NDUFB2,ATP5PD,TOMM22,NDUFC1,ACADM,FH,NDUFB3,COX7B,COX7C,COX6A1,SLC25A3,ATP6V1F,NDUFA1,COX7A2L,UQCR11,ATP5F1D,CS,MRPS15,TOMM70,ATP6V1C1,LRPPRC,NDUFA8,NDUFB5,UQCRFS1,COX17,ATP5F1E,OXA1L,UQCR10,UQCRC1,ATP6AP1,ETFA,ATP5MF,HCCS,NDUFA3,COX8A,NDUFC2,ECI1,MRPS30,DLAT,ISCA1,SDHB,COX5B,TIMM9,PDHB,NDUFB7,COX6B1,DECR1,HADHB,ATP5MG,ETFB,TIMM50,ATP5F1C,NDUFA5,PRDX3,GLUD1,SDHC,GPX4,ATP5PO,RHOT2,POR,VDAC2,NDUFS8,PHYH,MRPS11,SUPV3L1,IDH1,IMMT"
"7";"HALLMARK_MTORC1_SIGNALING";0,00122850122850123;0,0106928999144568;0,49505383850145;1,62649222882607;0;200;"TRIB3,RRM2,SLC7A11,BUB1,SHMT2,EEF1E1,TMEM97,PSAT1,ACACA,ASNS,SERP1,HSPD1,MTHFD2L,ELOVL6,NUPR1,LDHA,HSP90B1,HMBS,MTHFD2,PPIA,EPRS1,PNP,PLK1,XBP1,HK2,ACSL3,CALR,CANX,ATP5MC1,ACLY,HSPE1,CCT6A,HSPA5,UCHL5,SYTL2,TM7SF2,DHFR,SDF2L1,SKAP2,IFRD1,ARPC5L,PSMB5,CCNG1,DHCR24,RRP9,ENO1,RPN1,GSK3B,ELOVL5,EIF2S2,GPI,HSPA9,PPA1,SRD5A1,AURKA,VLDLR,SCD,MCM2,UNG,PNO1,SEC11A,PSME3,QDPR,PDK1,PIK3R3,PSMA4,IFI30,HPRT1,MCM4,STIP1,PSMD13,RDH11,TCEA1,PSMD12,GBE1,EDEM1,PSMD14,TPI1,DDX39A,MAP2K3,TFRC,CDC25A"
"8";"HALLMARK_ANDROGEN_RESPONSE";0,00934579439252336;0,0233644859813084;0,51787100715401;1,57792974103243;6;100;"CAMKK2,STEAP4,ABCC4,GUCY1A1,CENPN,PDLIM5,UAP1,SLC26A2,SPDEF,IQGAP2,STK39,ZBTB10,BMPR1B,SMS,TPD52,KLK3,ALDH1A3,PLPP1,KLK2,SAT1,MAP7,ABHD2,ACSL3,PGM3,KRT8,DHCR24,ELOVL5,UBE2J1,PMEPA1,NGLY1,HOMER2,SCD,HSD17B14,DNAJB9,PA2G4,RRP12,LMAN1,SEC24D,NKX3-1"
"9";"HALLMARK_DNA_REPAIR";0,00259403372243839;0,0139977603583427;0,462955297072186;1,46672012701722;1;150;"NME1,BCAM,CANT1,MPC2,ZWINT,IMPDH2,POLB,SEC61A1,APRT,POLR2H,PNP,SAC3D1,BOLA2,UMPS,SRSF6,POLR1C,TAF9,TMED2,TARBP2,CCNO,ITPA,NUDT9,NME3,POLR1D,FEN1,ARL6IP1,MRPL40,NME4,TP53,EDF1,SNAPC4,SDCBP,GTF2A2,CSTF3,POLR2D,HPRT1,SSRP1,DAD1,RRM2B,NCBP2,NELFCD,COX17,RAD51,POLD4,MPG,RPA3,ERCC2,RALA,ZNRD1,PCNA,DUT,VPS28,POLE4,POM121,ALYREF,ADCY6,RFC2,GTF2H3,VPS37B,NELFB,PDE6G,NELFE,GPX4,POLR2I,POLR2K,GUK1,STX3,TYMS,TAF12,UPF3B,GTF2H1,SMAD5,RBX1,ADRM1,POLD1,ERCC1"
"10";"HALLMARK_FATTY_ACID_METABOLISM";0,0396419437340153;0,0734110069148432;0,412034114774033;1,31842201596296;30;158;"TDO2,FASN,ODC1,ACSM3,UGDH,CBR3,ACSS1,ACSL5,BMPR1B,SMS,BPHL,MDH2,ECI2,APEX1,OSTC,LDHA,MAOA,HSD17B4,HSD17B11,MIF,ECHS1,PCBD1,DHCR24,NTHL1,AADAT,ELOVL5,CPT2,ACSL1,CCDC58,ALDH1A1,ADSL,HSD17B10,CPOX,NBN,PTS,REEP6,CA2,GSTZ1,VNN1,CRAT,ACADM,FH"
"11";"HALLMARK_PANCREAS_BETA_CELLS";0,12037037037037;0,171957671957672;0,490148705289483;1,30405632065805;77;40;"INSM1,NKX2-2,IAPP,NKX6-1,SRPRB,SYT13,CHGA,GCG,SEC11A,PDX1,DCX,SCGN,SPCS1,SRP9"
"12";"HALLMARK_CHOLESTEROL_HOMEOSTASIS";0,110294117647059;0,16219723183391;0,43724250224617;1,27327075924863;74;74;"FABP5,TRIB3,GLDC,TP53INP1,FASN,MAL2,LPL,GNAI1,CBS,ALCAM,TMEM97,ATF5,GUSB,ABCA2,ACTG1,TM7SF2,ERRFI1,CHKA,SCD,ANXA5"
"13";"HALLMARK_SPERMATOGENESIS";0,0711462450592885;0,111166007905138;0,404985454161354;1,26600474375877;53;134;"ADAM2,ACRV1,ALOX15,NEK2,CDK1,BUB1,NCAPH,CDKN3,TCP11,EZH2,GAD1,H1-6,TTK,OAZ3,THEG,MAP7,DBF4,ART3,SNAP91,PACRG,AURKA,SLC12A2,CCNB2,MTOR,STRBP,GMCL1,PIAS2,KIF2C,TALDO1,ACRBP,TNP2,HTR5A,TOPBP1,CNIH2,SCG3,MEP1B,PGK2,CLGN,PHKG2,DDX25,ACTL7B,CRISP2,GRM8,CLPB,DMRT1,RAD17,MLF1"
"14";"HALLMARK_GLYCOLYSIS";0,0566502463054187;0,0913713650087399;0,383965212763103;1,26037041961746;45;199;"B3GAT1,FBP2,TFF3,HMMR,CENPA,CDK1,SLC25A10,KIF20A,CLDN3,DSC2,TXN,CYB5A,TSTA3,LHX9,STMN1,MDH2,BIK,GUSB,SRD5A3,LDHA,GFPT1,PPIA,SOX9,B3GALT6,MIF,HK2,PFKFB1,SLC25A13,COPB2,HS2ST1,PMM2,IDUA,AKR1A1,HOMER1,HSPA5,ENO1,GMPPB,LCT,DEPDC1,PGLS,AURKA,VLDLR,AGRN,PAXIP1,CASP6,SLC35A3,POLR3K,HDLBP,BPNT1,SAP30,ABCB6,TALDO1,CHPF2,ANKZF1,GNE,RBCK1,ALG1,ELF3,PGM2,RARS1,TPI1,GMPPA,CLDN9,IL13RA1,B3GAT3,KDELR3,MPI"
"15";"HALLMARK_MITOTIC_SPINDLE";0,0849753694581281;0,128750559785043;0,372015707427506;1,22114602492382;68;199;"TPX2,NEK2,CENPF,DLGAP5,TOP2A,KIF4A,CDK1,BUB1,BIRC5,NUSAP1,ECT2,PDLIM5,CENPE,KIF11,ESPL1,LMNB1,RACGAP1,ARFIP2,PRC1,DOCK4,TTK,PLK1,CYTH2,ARF6,NET1,SAC3D1,EPB41,CD2AP,ANLN,TLK1,RAPGEF5,YWHAE,AURKA,ARHGAP29,RALBP1,CCNB2,NCK1,PXN"
"16";"HALLMARK_PI3K_AKT_MTOR_SIGNALING";0,171581769436997;0,231056864681812;0,389074567327307;1,19098392846039;127;105;"TRIB3,CDK1,MAP2K6,ACACA,AKT1S1,HSP90B1,AC093012.1,CALR,PLA2G12A,THEM4,GSK3B,ARPC3,NCK1,PPP1CA,PDK1,ITPR2,UBE2N,PIK3R3,GRK2,CDK4,ARF1,PRKAA2,CAB39L,RPS6KA1,PRKAG1,MKNK2,EIF4E,ARHGDIA,CFL1,PPP2R1B,CAB39,MAP2K3,MYD88,MAPK9"
"17";"HALLMARK_BILE_ACID_METABOLISM";0,175603217158177;0,231056864681812;0,383347599174541;1,17894802807352;130;112;"AMACR,SLCO1A2,SLC27A2,BBOX1,AKR1D1,ACSL5,PAOX,HSD3B7,DIO1,SLC35B2,CYP39A1,ABCA3,HSD17B4,HSD17B11,ABCA2,TTR,SLC27A5,DHCR24,ACSL1,ALDH1A1,GC,ABCA9"
"18";"HALLMARK_PEROXISOME";0,275537634408602;0,353253377446926;0,360805285836219;1,10400276914051;204;104;"TOP2A,SLC27A2,CADM1,ACSL5,PABPC1,HSD3B7,DIO1,ECI2,SLC35B2,HSD17B4,HSD17B11,TTR,ALB,MSH2,CDK7,SMARCC1,SLC25A19,DHCR24,ELOVL5,ACSL1,NUDT19,ALDH1A1,SLC25A17"
"19";"HALLMARK_XENOBIOTIC_METABOLISM";0,325552825552826;0,387562887562888;0,325033280402252;1,06789214337656;264;200;"ACSM1,TDO2,DDC,FBP1,PYCR1,TYR,ENTPD5,APOE,UGDH,RAP1GAP,PDLIM5,MCCC2,CYP2J2,SHMT2,CYB5A,GAD1,TMEM97,CYFIP2,BPHL,SMOX,MAOA,DDT,PROS1,PTGR1,TKFC,GCH1,ANGPTL3,ASL,CNDP2,ELOVL5,AHCY,GART,SSR3,AKR1C3,NFS1,SERPINE1,DCXR,CASP6,PTS,HES6,DHRS7,CA2,VNN1,PGD,SLC35B1,HPRT1,MTHFD1,ACP1"
"20";"HALLMARK_ALLOGRAFT_REJECTION";0,492628992628993;0,557053009883199;0,302768083049999;0,994740159389649;400;200;"HLA-DMB,GCNT1,CDKN2A,F2R,NME1,CCL11,INHBA,IL12B,RPL39,RIPK2,C2,TPD52,NPM1,GALNT1,RPS19,RPS3A,MRPL3,IL11,CD80,IFNGR2,CCL4,LY86,CXCL9,EIF3J,EIF5A,MTIF2,RPL9,CCL22,RPS9,ICAM1,NCK1,CSK,IL7,UBE2N,IGSF6,ABCE1,DEGS1,EIF3A"
"21";"HALLMARK_PROTEIN_SECRETION";0,485175202156334;0,557053009883199;0,32527265866659;0,984885612831511;359;96;"ICA1,KRT18,TPD52,COPB2,ARFGAP3,TOM1L1,SGMS1,TMED2,SCAMP3,CLCN3,COPE,COPB1,GOLGA4,LMAN1,VAMP7,ARF1,ABCA1,SEC24D,RAB5A,AP2S1,CLTA,RER1,USO1,CTSC,ATP1A1,SEC22B,BET1,YKT6,PPT1,TMED10,ARFGEF1,CLTC,TSPAN8,TMX1,ERGIC3,SOD1,ZW10,ATP7A,GLA,SEC31A,ARCN1,TSG101,RPS6KA3,RAB2A,YIPF6"
"22";"HALLMARK_INFLAMMATORY_RESPONSE";0,583538083538084;0,62078519525328;0,290182940619875;0,95339185589355;474;200;"HPN,FFAR2,ROS1,CXCL11,OLR1,MYC,INHBA,IL12B,RIPK2,F3,SLC7A1,SLC4A4,SCN1B,CLEC5A,MSR1,RNF144B,TNFSF10,ATP2C1,GCH1,P2RX4,SLC31A2,IFNGR2,ADM,CXCL9,KLF6,APLNR,CCL22,KCNMB2,SERPINE1,ICAM1,FZD5,C3AR1,CCRL2,SGMS2,CXCL10,IFNAR1,EBI3"
"23";"HALLMARK_HEME_METABOLISM";0,597051597051597;0,621928746928747;0,288515286710683;0,947912803086117;485;200;"TYR,SLC7A11,RAP1GAP,MBOAT2,ADD2,BCAM,ASNS,SMOX,TRIM58,PDZK1IP1,HMBS,EIF2AK1,NUDT4,ATG4A,EPB41,KDM7A,PSMD9,E2F2,ADIPOR1,ALDH1L1,PGLS,NARF,RANBP10,CPOX,CLCN3,DCUN1D1,OSBP2,ALDH6A1,GYPB,CA2,ABCB6,TOP1,SDCBP,SLC25A38,GDE1,PRDX2,TCEA1,XK,HTATIP2,FBXO9,CA1,DCAF11,RHCE,MAP2K3,TFRC,HDGF,H1-0,TSPO2,SLC6A8,ISCA1,PICALM,HBQ1,BACH1,LPIN2,BMP2K,ENDOD1"
"24";"HALLMARK_HEDGEHOG_SIGNALING";0,553090332805071;0,601185144353338;0,360188415625574;0,939647795093715;348;36;"SLIT1,NKX6-1,SHH,NRCAM,HEY2,RTN1,CDK5R1,VLDLR"
"25";"HALLMARK_UV_RESPONSE_UP";0,717391304347826;0,732031943212067;0,27976283699466;0,895181904402018;560;158;"GAL,COL2A1,EPCAM,RET,PPAT,E2F5,ASNS,MAPK8IP2,DDX21,MAOA,POLR2H,SULT1A1,GCH1,TARS1,RPN1,TGFBRAP1,EIF2S3,CHKA,TST,ICAM1,FEN1,GRPEL1,CA2,POLE3,AMD1,H2AX,MRPL23,ATP6V1F,SPR,STIP1,BID,ATP6V1C1,AP2S1,FMO1,SHOX2,TCHH,LYN,CCNE1,NUP58,TFRC,HMOX1,DNAJA1,CLCN2,SLC6A8,FKBP4,CNP,CHRNA5,WIZ"
"26";"HALLMARK_REACTIVE_OXYGEN_SPECIES_PATHWAY";0,767228177641654;0,767228177641654;0,293843964006589;0,808418104719906;500;49;"TXN,PRDX4,TXNRD2,MGST1,NDUFB4,LAMTOR5,MBP,FTL,ATOX1,SRXN1,PRDX2,HMOX2,ERCC2,NQO1"
"27";"HALLMARK_ANGIOGENESIS";0,501347708894879;0,557053009883199;-0,338055874566818;-0,972322999557963;185;36;"KCNJ8,S100A4,VEGFA,FGFR1,CCND2,JAG2,SLCO2A1,COL5A2,LUM,CXCL6"
"28";"HALLMARK_INTERFERON_GAMMA_RESPONSE";0,292553191489362;0,365691489361702;-0,276919784999772;-1,05653013369557;54;200;"CD40,BST2,LGALS3BP,ST3GAL5,TNFAIP2,AUTS2,SERPING1,CFH,SSPN,VAMP5,XAF1,CASP1,EIF4E3,IFITM3,PFKP,MX1,TNFAIP3,JAK2,CFB,CIITA,IL4R,RTP4,IFITM2,C1R,SAMD9L,FAS,MVP,C1S,GBP4,CD69,SECTM1,APOL6,HLA-A,TXNIP,IFIT3,MT2A,SELP,CD38,NMI,IL15,IRF4,IRF2,GBP6,ARL4A,RSAD2,BATF2,CCL5,NFKBIA,PSMB9,IL6,IL10RA,IFIT2,LCP2,NLRC5,PML,IFI35,LY6E"
"29";"HALLMARK_INTERFERON_ALPHA_RESPONSE";0,306201550387597;0,373416524862923;-0,305358800924718;-1,06471596947017;78;97;"BST2,UBA7,LGALS3BP,GBP2,TENT5A,GMPR,IFITM1,CASP1,IFITM3,MX1,IL4R,RTP4,PROCR,NCOA7,IFITM2,SAMD9L,C1S,ELF1,GBP4,TXNIP,IFIT3,LPAR6,NMI,IL15,IRF2,RSAD2,BATF2,CSF1,PSMB9,IFIT2,SAMD9,IFI35,LY6E,CD47"
"30";"HALLMARK_WNT_BETA_CATENIN_SIGNALING";0,167613636363636;0,231056864681812;-0,39934176489698;-1,18236755867517;58;42;"NKD1,NOTCH4,DKK1,CCND2,FZD1,WNT6,NOTCH1,WNT5B,AXIN2,DLL1,JAG2,HEY1,TCF7,DVL2,PPARD,HDAC5"
"31";"HALLMARK_IL2_STAT5_SIGNALING";0,0368421052631579;0,0708502024291498;-0,326083838180105;-1,24003016124626;6;199;"PENK,ITIH5,PTH1R,CAPG,COL6A1,COCH,PLAGL1,NCS1,CDKN1C,RHOB,CCND2,NT5E,FLT3LG,PTGER2,ADAM19,BCL2,ECM1,PRNP,SYT11,IL1RL1,ETV4,IL3RA,SHE,GABARAPL1,RORA,TTC39B,AGER,IFITM3,MAP6,MAP3K8,CD81,CAPN3,IL4R,TRAF1,PHLDA1,DENND5A,SH3BGRL2,GBP4,AHR,NFIL3,IL18R1,GLIPR2,SELP,CCND3,PRAF2,SPRED2,GALM,CST7,IRF4,TIAM1,ARL4A,MYO1C,CSF1,AHNAK,IL10RA"
"32";"HALLMARK_TNFA_SIGNALING_VIA_NFKB";0,0319148936170213;0,0638297872340425;-0,327547379839108;-1,2496892448957;5;200;"LAMB3,PLPP3,CXCL3,CXCL1,VEGFA,SIK1,RHOB,TNFAIP2,CXCL2,ETS2,DUSP2,SMAD3,G0S2,DNAJB4,PER1,ACKR3,TNC,PLK2,IER3,CEBPB,TRIP10,KLF9,DUSP1,TNFAIP3,NR4A2,BTG3,MAP3K8,PNRC1,IL6ST,GFPT2,SDC4,STAT5A,CFLAR,FOSL1,B4GALT5,KLF2,TRAF1,FOS,CCND1,PHLDA1,DENND5A,FOSL2,NINJ1,KLF10,CD69,NFIL3,ID2,SPSB1,IRS2,NR4A1,NFE2L2,KLF4,BTG2,JUN,CCN1,CXCL6,IER5,GADD45A,RCAN1,CCL5,NFKBIA,TIPARP,LITAF,FOSB,CSF1,IL6,ATF3,IFIT2,B4GALT1,SNN,EDN1,DRAM1,PTX3,PPP1R15A,ZC3H12A,PHLDA2"
"33";"HALLMARK_P53_PATHWAY";0,0319148936170213;0,0638297872340425;-0,327820897853098;-1,25073279627607;5;200;"TP63,CLCA2,GPX2,SERPINB5,KRT17,ITGB4,VWA5A,EPHA2,S100A4,PITPNC1,CCND2,STOM,HSPA4L,PHLDA3,ZFP36L1,TCN2,SDC1,NOTCH1,LDHB,DGKA,DDB2,PLK2,TSPYL2,IER3,CASP1,ALOX15B,ADA,RXRA,PERP,JAG2,DDIT4,SFN,CD81,CD82,PROCR,ISCU,FOS,STEAP3,TM7SF3,PTPN14,LRMP,HEXIM1,FAS,NINJ1,TGFA,TAX1BP3,AK1,TGFB1,TXNIP,RHBDF2,CCND3,KLF4,SERTAD3,BTG2,SLC35D1,JUN,IER5,GADD45A,BLCAP,XPC,PPM1D,ERCC5"
"34";"HALLMARK_COAGULATION";0,0543933054393305;0,0906555090655509;-0,346030921227802;-1,2645555635524;12;138;"CFD,CSRP1,F10,ACOX2,CLU,RGN,ITGB3,TIMP3,ITGA2,HTRA1,MMP14,BMP1,DCT,ANXA1,MMP2,ANG,SERPING1,USP11,GSN,CTSB,CFH,F8,FBN1,KLF7,CFB,SPARC,ISCU,MSRB2,CTSH,FYN,C1R,GP1BA,C1S,VWF,WDR1,TMPRSS6,S100A13,CPQ,TFPI2,GNG12,A2M,CASP9"
"35";"HALLMARK_ADIPOGENESIS";0,0263157894736842;0,05720823798627;-0,337582392929617;-1,28375681381424;4;199;"CYP4B1,ORM1,HSPB8,MYLK,SNCG,ANGPT1,ITIH5,CAVIN2,ALDH2,SORBS1,CAVIN1,GPX3,ITGA7,SPARCL1,RAB34,ENPP2,LIPE,STOM,LAMA4,DNAJC15,ACADL,CMBL,PHLDB1,PEX14,SSPN,ME1,COL4A1,MGST3,SLC66A3,ATL2,STAT5A,CAT,ANGPTL4"
"36";"HALLMARK_IL6_JAK_STAT3_SIGNALING";0,0520833333333333;0,0906555090655509;-0,380528360466293;-1,30564968507552;14;87;"CXCL13,CNTFR,CXCL3,CXCL1,ITGB3,ACVRL1,IL3RA,PDGFC,MAP3K8,IL6ST,IL4R,FAS,CSF3R,TGFB1,IL18R1,IL1R1,CD38,LEPR,JUN,A2M,TNFRSF1A,CSF1,IL6,PTPN11,CRLF2,IL17RA,CD9,CSF2RB"
"37";"HALLMARK_ESTROGEN_RESPONSE_LATE";0,0106382978723404;0,0253292806484296;-0,347848507135605;-1,32714399496621;1;200;"KRT13,TRIM29,IGSF1,HSPB8,CAV1,ACOX2,LTF,ST6GALNAC2,PCP4,TPSAB1,LARGE1,NBL1,ATP2B4,MYOF,CXCL12,PGR,HR,SLC24A3,HSPA4L,DUSP2,CCN5,SULT2B1,ADD3,KRT19,GJB3,BCL2,CKB,ALDH3A2,RAPGEFL1,KLK10,SEMA3B,WFS1,TFF1,ITPK1,SCNN1A,NAB2,PRKAR2B,FOXC1,PERP,XRCC3,IGFBP4,CELSR2,BTG3,SFN,JAK2,CYP26B1,DLG5,IL6ST,FDFT1,TNNC1,GPER1,FOS,CCND1,TPBG,RBBP8,CA12,EMP2,JAK1"
"38";"HALLMARK_ESTROGEN_RESPONSE_EARLY";0,00531914893617021;0,0139977603583427;-0,369976106485885;-1,41156727118656;0;200;"KRT13,KRT15,HSPB8,MSMB,ZNF185,GFRA1,GJA1,NAV2,NBL1,SVIL,P2RY2,MYOF,SYNGR1,MPPED2,CXCL12,PGR,OLFML3,HR,SLC24A3,THSD4,CELSR1,CCN5,SULT2B1,ADD3,KRT19,BCL2,FHL2,GREB1,MAST4,AQP3,RAPGEFL1,KLK10,SEMA3B,WFS1,TFF1,ITPK1,SCNN1A,FOXC1,RARA,IGFBP4,CELSR2,SFN,JAK2,CYP26B1,IL6ST,FDFT1,FOS,CCND1,TPBG,RBBP8,SH3BP5,ADCY9,INPP5F,CA12,ELF1,KLF10,FCMR"
"39";"HALLMARK_KRAS_SIGNALING_UP";0,00531914893617021;0,0139977603583427;-0,37171457173484;-1,41820002558475;0;200;"HOXD11,IGF2,GABRA3,TMEM100,HSD11B1,SPON1,PCP4,ALDH1A2,TMEM158,SNAP25,VWA5A,GPRC5B,RBP4,ADGRA2,IL33,SPARCL1,ETV5,CCND2,ITGA2,MPZL2,PRRX1,GYPC,EPB41L3,PEG3,AKAP12,SEMA3B,TSPAN7,G0S2,TFPI,ETV4,CFH,IGFBP3,SPRY2,PRKG2,ANO1,BTBD3,CDADC1,FLT4,GNG11,TNFAIP3,CFB,CCSER2,ACE,GFPT2,MTMR10,ANGPTL4,TRAF1,TMEM176B,CD37,IL1RL2,TRIB2,PTBP2,DCBLD2,ID2,PDCD1LG2,TMEM176A,MAP3K1"
"40";"HALLMARK_NOTCH_SIGNALING";0,0533333333333333;0,0906555090655509;-0,510129697768636;-1,43601697459912;19;32;"PRKCA,WNT2,FZD7,FZD1,MAML2,NOTCH1,DLL1,ARRB1,CCND1,DTX4,PPARD"
"41";"HALLMARK_TGF_BETA_SIGNALING";0,0229226361031519;0,0520969002344361;-0,454780366032861;-1,44543781858334;7;54;"ID1,ID3,CDKN1C,NOG,SMAD3,BMPR1A,SMAD6,SMAD7,WWTR1,BCAR3,SPTBN1,KLF10,ID2,TGFB1,TGFBR1,MAP3K7,NCOR2,RAB31,CDK9,SMAD1,PPP1R15A"
"42";"HALLMARK_COMPLEMENT";0,00531914893617021;0,0139977603583427;-0,383266977194191;-1,46227583795216;0;200;"GATA3,CSRP1,F10,LTF,ACTN2,CLU,L3MBTL4,CXCL1,DGKG,NOTCH4,KCNIP3,CPM,MMP14,COL4A2,TIMP2,ANG,SERPING1,KLK1,APOBEC3G,CALM1,LGALS3,CTSB,CFH,HPCAL4,KCNIP2,F8,GNAI2,ME1,CASP1,APOBEC3F,CEBPB,CD59,GNG2,TNFAIP3,DGKH,JAK2,CFB,ZEB1,F7,CTSH,ADRA2B,FYN,PPP2CB,C1R,GP1BA,C1S,TMPRSS6,S100A13,CPQ,GNGT2,SH2B3,TFPI2,XPNPEP1,KIF2A,CASP9,IRF2,CCL5,PSMB9,C3,IL6"
"43";"HALLMARK_APOPTOSIS";0,0045662100456621;0,0139977603583427;-0,429495913845751;-1,58915963762634;0;161;"NEFH,GSTM1,CAV1,CLU,GPX3,TIMP3,HSPB1,TGFBR3,IGFBP6,RHOB,CCND2,ANXA1,DCN,TGFB2,EBP,MMP2,TIMP2,ENO2,FEZ1,LGALS3,GSN,IER3,CASP1,SMAD7,RNASEL,DPYD,RARA,IFITM3,CDC25B,PDGFRB,BTG3,CFLAR,LMNA,PAK1,CCND1,BNIP3L,FAS,CYLD,CD69,SPTAN1,AVPR1A,LUM,TXNIP,PEA15,CDKN1B,CD38,BTG2,MADD,JUN,CASP9,GADD45A,ADD1"
"44";"HALLMARK_KRAS_SIGNALING_DN";0,00531914893617021;0,0139977603583427;-0,462884038860444;-1,76603826073016;0;200;"KRT13,ACTC1,SCGB1A1,PNMT,CNTFR,KRT5,KRT15,CKM,KRT4,MYOT,KCNMB1,TCF7L1,EFHD1,P2RX6,TFCP2L1,COPZ2,PLAG1,ALOX12B,NOS1,ADRA2C,PRODH,ITGB1BP2,PKP1,DLK2,MYO15A,TGFB2,YBX2,HTR1B,CHST2,SOX10,NTF3,EDN2,TENM2,DCC,SYNPO,CELSR2,CAMK1D,RYR2,MX1,NR4A2,IL5,NR6A1"
"45";"HALLMARK_HYPOXIA";0,00526315789473684;0,0139977603583427;-0,507268490936252;-1,92903834830169;0;199;"TGFB3,PPARGC1A,PGF,SLC2A5,CAV1,PPP1R3C,PYGM,GCNT2,SRPX,CAVIN1,PRKCA,LARGE1,CAVIN3,S100A4,VEGFA,CHST3,CDKN1C,ANXA2,PKP1,CCN5,SULT2B1,BCL2,DCN,AKAP12,ENO2,SDC3,TES,COL5A1,GPC1,CHST2,IGFBP3,ACKR3,IER3,NR3C1,INHA,EDN2,CSRP2,RORA,MXI1,SELENBP1,PCK1,IDS,DUSP1,ALDOC,DDIT4,PFKP,TNFAIP3,TMEM45A,KLF7,EXT1,PNRC1,SDC4,ANGPTL4,P4HA2,FOS,TPBG,BNIP3L,EGFR,CA12,FOSL2,PGM1,HK1,DTNA,NFIL3,CDKN1B,SLC6A6,MT2A,MAP3K1,IRS2,ILVBL,WSB1,PDK3,LXN,XPNPEP1,JUN,CCN1,NDST2,MT1E,ZNF292,TIPARP,STC2,IL6,GALK1"
"46";"HALLMARK_UV_RESPONSE_DN";0,00432900432900433;0,0139977603583427;-0,541998026564736;-1,97714884933302;0;144;"SNAI2,CAV1,EFEMP1,GJA1,PRKCA,RBPMS,ATP2B4,ID1,MAGI2,PLPP3,RND3,ITGB3,TGFBR3,KCNMA1,MET,LPAR1,CAP2,KIT,ADGRL2,ANXA2,MAP1B,PMP22,ADD3,FHL2,SCHIP1,SMAD3,GRK5,TFPI,SLC22A18,CELF2,PEX14,BMPR1A,FBLN5,NR3C1,SMAD7,SPOP,LTBP1,PRKAR2B,RXRA,BDNF,MMP16,DUSP1,MRPS31,TGFBR2,PDGFRB,IRS1,SYNE1,PTEN,AMPH,PTPN21,INSIG1,FYN"
"47";"HALLMARK_APICAL_SURFACE";0,0028735632183908;0,0139977603583427;-0,713521996776664;-2,11713623166557;0;44;"MAL,GATA3,SLC2A4,GSTM3,EFNA5,SRPX,GAS1,HSPB1,CX3CL1,NTNG1,AKAP7,AFAP1L2,SULF2,TMEM8B,EPHB4,DCBLD2,MDGA1,LYPD3,ATP8B1,RHCG,RTN4RL1,B4GALT1"
"48";"HALLMARK_EPITHELIAL_MESENCHYMAL_TRANSITION";0,00531914893617021;0,0139977603583427;-0,556961670920455;-2,12497199736515;0;200;"SNAI2,MYLK,TPM2,SGCG,FLNA,ACTA2,MYL9,ANPEP,GJA1,TAGLN,NID2,CAPG,DPYSL3,TPM1,FBLN1,COL7A1,GAS1,COL5A3,COL6A2,CXCL1,ITGB3,TIMP3,FERMT2,TGFBR3,EFEMP2,DST,ELN,CXCL12,VEGFA,CAP2,EDIL3,PCOLCE2,SLIT3,QSOX1,DKK1,CALD1,RHOB,EMP3,COL16A1,SGCB,LGALS1,ITGA2,NT5E,FGF2,PDLIM4,HTRA1,MMP14,ITGA5,PMP22,PRRX1,COL4A2,ECM1,BMP1,SLIT2,DCN,MMP2,SDC1,ENO2,MATN2,COL6A3,COL5A1,SERPINE2,GPC1,IGFBP3,TNC,FBLN5,SGCD,COL4A1,GPX7,BDNF,CD59,LOXL2,FBN1,IGFBP4,PDGFRB,WIPF1,TNFAIP3,SPARC,SDC4,PCOLCE,CDH2,FSTL3,FBLN2,LOXL1,FAS,ECM2,ID2,COL5A2,LUM,TGFB1,VIM,MFAP5,BASP1,GLIPR1,TFPI2,LAMA2,SFRP1,ABI3BP,JUN,CCN1,CXCL6,IL15,GADD45A"
"49";"HALLMARK_APICAL_JUNCTION";0,00531914893617021;0,0139977603583427;-0,575639543748992;-2,19623355593056;0;200;"ACTC1,COL17A1,ACTA1,LAMB3,ACTG2,SPEG,FLNC,TRO,ACTN2,MYL9,DSC3,RRAS,COL9A1,KCNH2,NEXN,ADAMTS5,ITGB4,VCL,NLGN3,LAYN,CNTN1,ITGA9,CLDN5,CX3CL1,SORBS3,CDH8,COL16A1,ITGA2,ITGA3,MPZL2,CNN2,BMP1,SLIT2,ACTN1,CERCAM,MAP3K20,PARVA,MMP2,MSN,PARD6G,CDH3,NFASC,SDC3,CLDN11,NLGN2,NEGR1,PKD1,ACTB,GNAI2,NECTIN1,CD34,ALOX15B,JAM3,TMEM8B,FBN1,ACTN4,FSCN1,ZYX,AMIGO2,IRS1,ARHGEF6,PTEN,RSU1,SGCE,INSIG1,RAC2,TSPAN4,TRAF1"
"50";"HALLMARK_MYOGENESIS";0,00526315789473684;0,0139977603583427;-0,677576620385362;-2,57668534117622;0;199;"ACTC1,CFD,CKM,LDB3,ACTA1,EFS,FXYD1,HSPB8,MYLK,DES,SPEG,CRYAB,TPM2,MYH11,CTF1,SGCG,PPP1R3C,GNAO1,FHL1,ACTN2,NCAM1,CLU,PYGM,SORBS1,SMTN,TAGLN,KCNH2,PTGIS,GPX3,COX7A1,LARGE1,NAV2,ITGA7,FST,ITGB4,PDLIM7,SVIL,COL6A2,SH3BGR,NOS1,BDKRB2,SGCA,IGF1,DENND2B,SORBS3,FABP3,FGF2,MYOM1,DMPK,COL4A2,PRNP,CKB,SCHIP1,MYL3,CASQ2,MYH3,LPIN1,KIFC3,SOD3,COL6A3,NOTCH1,MYOM2,GSN,IGFBP3,CASQ1,BIN1,CACNA1H,HSPB2,SSPN,FOXO4,SGCD,KLF5,DMD,MEF2C,AEBP1,WWTR1,SPARC,TNNC1,MEF2A,CHRNB1,RYR1,GJA5,ADCY9,MEF2D,AK1,SPTAN1,DTNA,TGFB1,MYH7,TNNC2"
